Date,Open,High,Low,Close,Change,Volume,P_Open,P_High,P_Low,P_Close,P_Open-Low,P_Change,P_4_Price,P_Close-High,P_High-Low,Action
11.03.2022,1634.6,1640.3,1617.06,1629.16,-5.55,8035,1622.26,1640.65,1621.1,1628.82,1.16,6.17,6512.83,-11.83,19.55,1
09.27.2022,1622.26,1640.65,1621.1,1628.82,6.17,7854,1628.77,1644.69,1622.43,1627.77,6.34,-1.12,6523.66,-16.92,22.26,0
10.20.2022,1628.77,1644.69,1622.43,1627.77,-1.12,7828,1644.05,1645.1,1631.67,1633.51,12.38,-10.83,6554.33,-11.59,13.43,1
10.31.2022,1644.05,1645.1,1631.67,1633.51,-10.83,7843,1643.42,1647.95,1621.44,1622.65,21.98,-21.07,6535.46,-25.3,26.51,0
09.26.2022,1643.42,1647.95,1621.44,1622.65,-21.07,7772,1651.44,1653.97,1627.72,1628.89,23.72,-22.67,6562.02,-25.08,26.25,0
10.19.2022,1651.44,1653.97,1627.72,1628.89,-22.67,8114,1633.33,1655.49,1631.4,1647.49,1.93,13.98,6567.71,-8,24.09,0
11.01.2022,1633.33,1655.49,1631.4,1647.49,13.98,7900,1627.68,1657.22,1618.63,1657.22,9.05,29.45,6560.75,0,38.59,0
10.21.2022,1627.68,1657.22,1618.63,1657.22,29.45,7583,1649.04,1659.86,1638.66,1652.83,10.38,3.68,6600.39,-7.03,21.2,1
10.25.2022,1649.04,1659.86,1638.66,1652.83,3.68,7883,1650.05,1660.18,1646.46,1651.56,3.59,1.2,6608.25,-8.62,13.72,1
10.18.2022,1650.05,1660.18,1646.46,1651.56,1.2,8058,1628.62,1661.83,1616.14,1659.48,12.48,30.66,6566.07,-2.35,45.69,1
09.28.2022,1628.62,1661.83,1616.14,1659.48,30.66,7758,1659.38,1663.63,1641.94,1660.25,17.44,0.77,6625.2,-3.38,21.69,1
09.29.2022,1659.38,1663.63,1641.94,1660.25,0.77,7952,1647.25,1665.31,1634.59,1634.71,12.66,-12.78,6581.86,-30.6,30.72,1
11.02.2022,1647.25,1665.31,1634.59,1634.71,-12.78,7021,1657.4,1665.75,1644.97,1649.15,12.43,-8.07,6617.27,-16.6,20.78,1
10.24.2022,1657.4,1665.75,1644.97,1649.15,-8.07,7449,1662.63,1666.35,1639.22,1644.34,23.41,-18.4,6612.54,-22.01,27.13,0
10.28.2022,1662.63,1666.35,1639.22,1644.34,-18.4,7857,1643.78,1666.8,1643.77,1650.36,0.01,6.46,6604.71,-16.44,23.03,0
10.17.2022,1643.78,1666.8,1643.77,1650.36,6.46,7672,1664.53,1669.74,1656,1662.74,8.53,-1.76,6653.01,-7,13.74,0
10.27.2022,1664.53,1669.74,1656,1662.74,-1.76,7589,1665.59,1670.81,1640.33,1643.9,25.26,-21.84,6620.63,-26.91,30.48,1
10.14.2022,1665.59,1670.81,1640.33,1643.9,-21.84,8073,1652.68,1674.01,1649.76,1664.5,2.92,11.67,6640.95,-9.51,24.25,0
10.26.2022,1652.68,1674.01,1649.76,1664.5,11.67,7872,1660.13,1674.11,1659.3,1660.66,0.83,0.41,6654.2,-13.45,14.81,0
09.30.2022,1660.13,1674.11,1659.3,1660.66,0.41,8247,1671,1674.69,1640.9,1643.72,30.1,-27.46,6630.31,-30.97,33.79,1
09.23.2022,1671,1674.69,1640.9,1643.72,-27.46,8257,1665.66,1677.28,1661.56,1672.83,4.1,6.93,6677.33,-4.45,15.72,1
10.12.2022,1665.66,1677.28,1661.56,1672.83,6.93,8671,1675.47,1678.77,1660.96,1664.4,14.51,-11.11,6679.6,-14.37,17.81,0
09.20.2022,1675.47,1678.77,1660.96,1664.4,-11.11,9025,1663.82,1679.16,1654.31,1675.15,9.51,11.31,6672.44,-4.01,24.85,1
09.16.2022,1663.82,1679.16,1654.31,1675.15,11.31,7748,1675.07,1679.52,1660.08,1675.51,14.99,0.36,6690.18,-4.01,19.44,0
09.19.2022,1675.07,1679.52,1660.08,1675.51,0.36,8770,1672.74,1680.3,1643.99,1665.74,28.75,-7.09,6662.77,-14.56,36.31,1
10.13.2022,1672.74,1680.3,1643.99,1665.74,-7.09,8591,1672.7,1680.39,1667.19,1675.06,5.51,-5.5,6695.34,-5.33,13.2,1
11.07.2022,1672.7,1680.39,1667.19,1675.06,-5.5,8255,1629.06,1680.88,1627.88,1680.56,1.18,51.4,6618.38,-0.32,53,0
11.04.2022,1629.06,1680.88,1627.88,1680.56,51.4,6762,1667.68,1682.73,1661.06,1665.9,6.62,-1.9,6677.37,-16.83,21.67,0
10.11.2022,1667.68,1682.73,1661.06,1665.9,-1.9,8422,1673.4,1683.74,1656.82,1671.18,16.58,-2.37,6685.14,-12.56,26.92,1
09.22.2022,1673.4,1683.74,1656.82,1671.18,-2.37,8433,1664.16,1685.79,1657.38,1673.55,6.78,9.15,6680.88,-12.24,28.41,0
09.21.2022,1664.16,1685.79,1657.38,1673.55,9.15,8531,1696.74,1697.75,1661.19,1663.84,35.55,-32.96,6719.52,-33.91,36.56,0
09.15.2022,1696.74,1697.75,1661.19,1663.84,-32.96,8807,1694.56,1699.2,1666.27,1667.8,28.29,-26.83,6727.83,-31.4,32.93,1
10.10.2022,1694.56,1699.2,1666.27,1667.8,-26.83,8699,1660.45,1700.27,1659.77,1699.16,0.68,38.5,6719.65,-1.11,40.5,0
10.03.2022,1660.45,1700.27,1659.77,1699.16,38.5,8005,1701.76,1706.09,1693.56,1696.8,8.2,-5.2,6798.21,-9.29,12.53,0
09.14.2022,1701.76,1706.09,1693.56,1696.8,-5.2,9033,1710.75,1710.84,1689.53,1697.07,21.22,-13.69,6808.19,-13.77,21.31,1
09.01.2022,1710.75,1710.84,1689.53,1697.07,-13.69,5977,1711.28,1713.3,1694.68,1696.57,16.6,-14.72,6815.83,-16.73,18.62,0
07.20.2022,1711.28,1713.3,1694.68,1696.57,-14.72,7201,1711.97,1714.15,1693.33,1694.63,18.64,-17.42,6814.08,-19.52,20.82,0
10.07.2022,1711.97,1714.15,1693.33,1694.63,-17.42,8820,1711.54,1714.78,1707.52,1709.09,4.02,-2.89,6842.93,-5.69,7.26,0
09.05.2022,1711.54,1714.78,1707.52,1709.09,-2.89,8351,1709.93,1716.15,1700.05,1707.02,9.88,-2.97,6833.15,-9.13,16.1,0
07.15.2022,1709.93,1716.15,1700.05,1707.02,-2.97,7111,1674.9,1716.18,1665.68,1711.91,9.22,36.85,6768.67,-4.27,50.5,0
11.08.2022,1674.9,1716.18,1665.68,1711.91,36.85,8510,1711.8,1716.79,1702.49,1706.39,9.31,-5.52,6837.47,-10.4,14.3,0
11.09.2022,1711.8,1716.79,1702.49,1706.39,-5.52,8656,1697,1717.04,1695.08,1711.98,1.92,14.91,6821.1,-5.06,21.96,1
09.02.2022,1697,1717.04,1695.08,1711.98,14.91,7212,1709.07,1717.46,1705.48,1711.29,3.59,2.27,6843.3,-6.17,11.98,0
07.19.2022,1709.07,1717.46,1705.48,1711.29,2.27,7367,1701.42,1718.56,1691.33,1718.2,10.09,16.69,6829.51,-0.36,27.23,1
09.07.2022,1701.42,1718.56,1691.33,1718.2,16.69,8885,1696.53,1719.92,1681.43,1719.16,15.1,22.59,6817.04,-0.76,38.49,1
07.21.2022,1696.53,1719.92,1681.43,1719.16,22.59,6980,1707.01,1723.04,1706.54,1709.02,0.47,2,6845.61,-14.02,16.5,1
07.18.2022,1707.01,1723.04,1706.54,1709.02,2,7020,1709.09,1724.04,1699.92,1701.51,9.17,-7.58,6834.56,-22.53,24.12,1
09.06.2022,1709.09,1724.04,1699.92,1701.51,-7.58,9178,1715.73,1724.39,1707.41,1712.05,8.32,-3.89,6859.58,-12.34,16.98,1
10.06.2022,1715.73,1724.39,1707.41,1712.05,-3.89,9082,1723.93,1725.77,1709.69,1710.76,14.24,-13.37,6870.15,-15.01,16.08,0
08.31.2022,1723.93,1725.77,1709.69,1710.76,-13.37,5969,1725.78,1726.87,1701.57,1715.94,24.21,-10.02,6870.16,-10.93,25.3,0
10.05.2022,1725.78,1726.87,1701.57,1715.94,-10.02,9003,1718,1726.87,1704.01,1708.31,13.99,-9.89,6857.19,-18.56,22.86,0
09.08.2022,1718,1726.87,1704.01,1708.31,-9.89,8888,1719.53,1727.52,1715.79,1717.16,3.74,-2.33,6880,-10.36,11.73,0
07.26.2022,1719.53,1727.52,1715.79,1717.16,-2.33,7279,1699.08,1727.76,1695.13,1725.96,3.95,26.8,6847.93,-1.8,32.63,0
10.04.2022,1699.08,1727.76,1695.13,1725.96,26.8,9088,1708.24,1728.45,1706.52,1716.84,1.72,8.53,6860.05,-11.61,21.93,0
09.09.2022,1708.24,1728.45,1706.52,1716.84,8.53,8827,1724.39,1730.76,1697.92,1702,26.47,-22.43,6855.07,-28.76,32.84,1
09.13.2022,1724.39,1730.76,1697.92,1702,-22.43,8973,1717.61,1733.96,1711.95,1724.43,5.66,7.59,6887.95,-9.53,22.01,1
09.12.2022,1717.61,1733.96,1711.95,1724.43,7.59,8651,1727.1,1734.03,1715.45,1719.49,11.65,-7.65,6896.07,-14.54,18.58,0
07.25.2022,1727.1,1734.03,1715.45,1719.49,-7.65,7033,1735.41,1735.93,1698.7,1709.99,36.71,-25.41,6880.03,-25.94,37.23,1
07.14.2022,1735.41,1735.93,1698.7,1709.99,-25.41,6847,1719.01,1736.7,1713.22,1727.14,5.79,7.98,6896.07,-9.56,23.48,0
07.22.2022,1719.01,1736.7,1713.22,1727.14,7.98,6472,1733.86,1738.16,1723.86,1726,10,-7.83,6921.88,-12.16,14.3,0
07.12.2022,1733.86,1738.16,1723.86,1726,-7.83,7022,1717.15,1738.64,1713.29,1734.38,3.86,17.22,6903.46,-4.26,25.35,1
07.27.2022,1717.15,1738.64,1713.29,1734.38,17.22,7205,1737.32,1739.95,1721.44,1724.13,15.88,-13.23,6922.84,-15.82,18.51,0
08.30.2022,1737.32,1739.95,1721.44,1724.13,-13.23,5909,1741.91,1743.76,1731.5,1733.83,10.41,-8.22,6951,-9.93,12.26,1
07.11.2022,1741.91,1743.76,1731.5,1733.83,-8.22,6899,1726.01,1744.01,1710.63,1735.4,15.38,9.4,6916.05,-8.61,33.38,0
07.13.2022,1726.01,1744.01,1710.63,1735.4,9.4,6892,1740.39,1744.14,1720.59,1737.36,19.8,-0.68,6942.48,-6.78,23.55,0
08.29.2022,1740.39,1744.14,1720.59,1737.36,-0.68,5773,1733.48,1745.42,1722.02,1726.27,11.46,-7.17,6927.19,-19.15,23.4,1
09.29.2021,1733.48,1745.42,1722.02,1726.27,-7.17,6063,1738.99,1748.12,1737.03,1739.95,1.96,0.96,6964.09,-8.17,11.09,0
07.07.2022,1738.99,1748.12,1737.03,1739.95,0.96,7226,1746.96,1748.21,1728.38,1735.4,18.58,-11.6,6958.95,-12.81,19.83,0
08.22.2022,1746.96,1748.21,1728.38,1735.4,-11.6,5630,1737.57,1748.55,1736.67,1739.8,0.9,2.09,6962.59,-8.75,11.88,1
11.22.2022,1737.57,1748.55,1736.67,1739.8,2.09,8972,1739.98,1749.49,1734.66,1742.05,5.32,2.1,6966.18,-7.44,14.83,0
07.08.2022,1739.98,1749.49,1734.66,1742.05,2.1,7192,1739.6,1751.86,1732.99,1749.36,6.61,9.56,6973.81,-2.5,18.87,1
11.23.2022,1739.6,1751.86,1732.99,1749.36,9.56,8844,1735.3,1753.08,1731.83,1747.69,3.47,12.29,6967.9,-5.39,21.25,1
08.23.2022,1735.3,1753.08,1731.83,1747.69,12.29,5858,1749.93,1753.73,1728.28,1733.44,21.65,-16.48,6965.38,-20.29,25.45,1
09.28.2021,1749.93,1753.73,1728.28,1733.44,-16.48,5899,1754.02,1754.02,1732.59,1737.71,21.43,-12.67,6978.34,-16.31,21.43,1
11.21.2022,1754.02,1754.02,1732.59,1737.71,-12.67,8838,1747.49,1754.27,1743.28,1751.38,4.21,3.69,6996.42,-2.89,10.99,0
08.24.2022,1747.49,1754.27,1743.28,1751.38,3.69,5823,1706.3,1756.32,1704.41,1754.99,1.89,48.6,6922.02,-1.33,51.91,0
11.10.2022,1706.3,1756.32,1704.41,1754.99,48.6,8415,1734.24,1756.87,1733.06,1756,1.18,21.62,6980.17,-0.87,23.81,1
07.28.2022,1734.24,1756.87,1733.06,1756,21.62,7157,1741.78,1756.95,1741.56,1749.64,0.22,7.91,6989.93,-7.31,15.39,1
09.24.2021,1741.78,1756.95,1741.56,1749.64,7.91,6034,1741.1,1757.48,1739.86,1749.11,1.24,7.97,6987.55,-8.37,17.62,1
11.29.2022,1741.1,1757.48,1739.86,1749.11,7.97,8689,1758.14,1758.14,1734.61,1738.04,23.53,-20.15,6988.93,-20.1,23.53,1
08.26.2022,1758.14,1758.14,1734.61,1738.04,-20.15,5933,1749.2,1758.33,1748.71,1754.2,0.49,4.84,7010.44,-4.13,9.62,1
11.24.2022,1749.2,1758.33,1748.71,1754.2,4.84,8346,1758.19,1758.67,1745.8,1747,12.39,-11.22,7009.66,-11.67,12.87,0
08.19.2022,1758.19,1758.67,1745.8,1747,-11.22,6009,1749.64,1760.18,1746.27,1749.92,3.37,0.28,7006.01,-10.26,13.91,1
09.27.2021,1749.64,1760.18,1746.27,1749.92,0.28,5898,1756.63,1760.47,1750.62,1753.93,6.01,-2.7,7021.65,-6.54,9.85,0
10.11.2021,1756.63,1760.47,1750.62,1753.93,-2.7,6031,1754.2,1760.52,1745.97,1753.6,8.23,-0.6,7014.29,-6.92,14.55,1
11.25.2022,1754.2,1760.52,1745.97,1753.6,-0.6,7910,1726.28,1762.18,1722.77,1756.85,3.51,30.58,6968.08,-5.33,39.41,0
09.30.2021,1726.28,1762.18,1722.77,1756.85,30.58,6063,1756.85,1762.48,1750.58,1760.27,6.27,3.42,7030.18,-2.21,11.9,0
10.01.2021,1756.85,1762.48,1750.58,1760.27,3.42,6110,1758.18,1762.73,1739.66,1741.14,18.52,-12.46,7001.71,-21.59,23.07,1
11.28.2022,1758.18,1762.73,1739.66,1741.14,-12.46,8479,1759.57,1764.54,1746.6,1762.55,12.97,3.02,7033.26,-1.99,17.94,1
10.06.2021,1759.57,1764.54,1746.6,1762.55,3.02,5928,1751.34,1764.72,1750.12,1758.19,1.22,6.81,7024.37,-6.53,14.6,0
08.25.2022,1751.34,1764.72,1750.12,1758.19,6.81,6079,1762.57,1765.98,1752.71,1754.88,9.86,-7.67,7036.14,-11.1,13.27,1
10.07.2021,1762.57,1765.98,1752.71,1754.88,-7.67,6131,1753.95,1766.05,1744.5,1764.31,9.45,10.35,7028.81,-1.74,21.55,1
09.20.2021,1753.95,1766.05,1744.5,1764.31,10.35,5885,1752.8,1766.42,1748.98,1753.96,3.82,1.21,7022.16,-12.46,17.44,0
09.17.2021,1752.8,1766.42,1748.98,1753.96,1.21,6204,1760.12,1766.82,1747.6,1750.38,12.52,-9.87,7024.92,-16.44,19.22,1
11.18.2022,1760.12,1766.82,1747.6,1750.38,-9.87,8659,1755.9,1767.14,1752.81,1766,3.09,10,7041.85,-1.14,14.33,1
07.29.2022,1755.9,1767.14,1752.81,1766,10,7154,1753.96,1768.18,1751.48,1759.93,2.48,6,7033.55,-8.25,16.7,0
10.12.2021,1753.96,1768.18,1751.48,1759.93,6,6037,1769.09,1769.13,1749.55,1759.53,19.54,-9.54,7047.3,-9.6,19.58,1
10.05.2021,1769.09,1769.13,1749.55,1759.53,-9.54,6010,1749.02,1769.3,1747.71,1768.09,1.31,18.98,7034.12,-1.21,21.59,1
11.30.2022,1749.02,1769.3,1747.71,1768.09,18.98,7840,1760.28,1769.5,1748.05,1769.07,12.23,8.8,7046.9,-0.43,21.45,0
10.04.2021,1760.28,1769.5,1748.05,1769.07,8.8,5906,1754.78,1770.36,1747.28,1770.26,7.5,15.27,7042.68,-0.1,23.08,1
11.11.2022,1754.78,1770.36,1747.28,1770.26,15.27,8668,1767.32,1771.24,1760.48,1764.4,6.84,-2.98,7063.44,-6.84,10.76,1
10.18.2021,1767.32,1771.24,1760.48,1764.4,-2.98,6451,1761.92,1771.56,1756.42,1758.22,5.5,-3.88,7048.12,-13.34,15.14,1
08.18.2022,1761.92,1771.56,1756.42,1758.22,-3.88,6113,1760.85,1771.8,1755.71,1765.18,5.14,4.13,7053.54,-6.62,16.09,0
08.03.2022,1760.85,1771.8,1755.71,1765.18,4.13,5800,1765.06,1772.15,1732.8,1738.99,32.26,-26.15,7009,-33.16,39.35,0
07.06.2022,1765.06,1772.15,1732.8,1738.99,-26.15,6999,1765.85,1773.74,1758.69,1771.96,7.16,5.96,7070.24,-1.78,15.05,1
08.01.2022,1765.85,1773.74,1758.69,1771.96,5.96,5904,1774.12,1774.12,1753.7,1771.02,20.42,0.76,7072.96,-3.1,20.42,0
11.14.2022,1774.12,1774.12,1753.7,1771.02,0.76,7128,1773.7,1774.42,1755.05,1760.25,18.65,-13.39,7063.42,-14.17,19.37,1
11.17.2022,1773.7,1774.42,1755.05,1760.25,-13.39,8715,1767.69,1774.81,1738.99,1741.73,28.7,-25.94,7023.22,-33.08,35.82,1
09.23.2021,1767.69,1774.81,1738.99,1741.73,-25.94,5942,1770.36,1779.33,1759.35,1776.99,11.01,6.64,7086.03,-2.34,19.98,0
12.15.2021,1770.36,1779.33,1759.35,1776.99,6.64,6240,1768.1,1780.02,1766.66,1770.79,1.44,2.54,7085.57,-9.23,13.36,0
12.06.2022,1768.1,1780.02,1766.66,1770.79,2.54,8950,1754.92,1780.03,1753.51,1756.63,1.41,1.75,7045.09,-23.4,26.52,1
10.08.2021,1754.92,1780.03,1753.51,1756.63,1.75,6095,1764.3,1780.72,1758.65,1773.9,5.65,9.59,7077.57,-6.82,22.07,1
09.21.2021,1764.3,1780.72,1758.65,1773.9,9.59,5922,1775.21,1781.68,1760.21,1762.1,15,-13.23,7079.2,-19.58,21.47,1
08.17.2022,1775.21,1781.68,1760.21,1762.1,-13.23,6207,1779.06,1782.3,1772.89,1775.33,6.17,-3.78,7109.58,-6.97,9.41,1
08.16.2022,1779.06,1782.3,1772.89,1775.33,-3.78,6136,1781.83,1782.33,1762.45,1767.88,19.38,-13.94,7094.49,-14.45,19.88,0
12.02.2021,1781.83,1782.33,1762.45,1767.88,-13.94,6129,1764.42,1783.54,1762.95,1768.96,1.47,4.56,7079.87,-14.58,20.59,0
10.19.2021,1764.42,1783.54,1762.95,1768.96,4.56,6582,1778.08,1784.04,1770.44,1773.64,7.64,-4.45,7106.2,-10.4,13.6,0
11.16.2022,1778.08,1784.04,1770.44,1773.64,-4.45,8577,1773.93,1784.86,1766.38,1767.67,7.55,-6.23,7092.84,-17.19,18.48,1
09.22.2021,1773.93,1784.86,1766.38,1767.67,-6.23,6026,1767.84,1785.49,1766.52,1783.25,1.32,15.37,7103.1,-2.24,18.97,0
12.03.2021,1767.84,1785.49,1766.52,1783.25,15.37,6389,1774.77,1786.06,1770.45,1782.63,4.32,7.87,7113.91,-3.43,15.61,0
12.10.2021,1774.77,1786.06,1770.45,1782.63,7.87,6495,1771.4,1786.53,1767.18,1778.09,4.22,7.07,7103.2,-8.44,19.35,1
11.15.2022,1771.4,1786.53,1767.18,1778.09,7.07,522,1782.39,1786.58,1774.65,1774.76,7.74,-7.61,7118.38,-11.82,11.93,1
12.09.2021,1782.39,1786.58,1774.65,1774.76,-7.61,6103,1771.91,1786.6,1761.04,1761.05,10.87,-10.91,7080.6,-25.55,25.56,1
08.02.2022,1771.91,1786.6,1761.04,1761.05,-10.91,5667,1778.16,1786.77,1773.46,1783.96,4.7,5.83,7122.35,-2.81,13.31,0
12.07.2021,1778.16,1786.77,1773.46,1783.96,5.83,6327,1784.42,1786.87,1777.06,1778.13,7.36,-5.12,7126.48,-8.74,9.81,0
12.06.2021,1784.42,1786.87,1777.06,1778.13,-5.12,6264,1769,1787.4,1766.82,1781.6,2.18,12.64,7104.82,-5.8,20.58,1
10.20.2021,1769,1787.4,1766.82,1781.6,12.64,6667,1787.8,1787.96,1760.81,1769.61,26.99,-18.18,7106.18,-18.35,27.15,0
11.03.2021,1787.8,1787.96,1760.81,1769.61,-18.18,6256,1781.63,1788.75,1777.45,1782.82,4.18,1.22,7130.65,-5.93,11.3,1
10.21.2021,1781.63,1788.75,1777.45,1782.82,1.22,6485,1786.54,1788.81,1766.99,1770.35,19.55,-16.21,7112.69,-18.46,21.82,0
12.14.2021,1786.54,1788.81,1766.99,1770.35,-16.21,6910,1774.79,1789.43,1771.43,1789.03,3.36,14.13,7124.68,-0.4,18,1
08.08.2022,1774.79,1789.43,1771.43,1789.03,14.13,5887,1770.56,1789.76,1768.7,1785.75,1.86,14.96,7114.77,-4.01,21.06,0
12.07.2022,1770.56,1789.76,1768.7,1785.75,14.96,8664,1774.25,1789.99,1772.47,1781.82,1.78,7.6,7118.53,-8.17,17.52,1
12.01.2021,1774.25,1789.99,1772.47,1781.82,7.6,6116,1783.03,1790.15,1782.29,1786.56,0.74,3.93,7142.03,-3.59,7.86,1
12.13.2021,1783.03,1790.15,1782.29,1786.56,3.93,6849,1783.97,1792.17,1780.47,1782.37,3.5,-1.59,7138.98,-9.8,11.7,1
12.08.2021,1783.97,1792.17,1780.47,1782.37,-1.59,6210,1785.51,1793.75,1781.3,1788.73,4.21,2.98,7149.29,-5.02,12.45,1
12.08.2022,1785.51,1793.75,1781.3,1788.73,2.98,8695,1776.72,1794.01,1775.09,1793.09,1.63,16.29,7138.91,-0.92,18.92,0
12.16.2022,1776.72,1794.01,1775.09,1793.09,16.29,10961,1790.77,1794.22,1766.37,1774.9,24.4,-15.91,7126.26,-19.32,27.85,1
08.05.2022,1790.77,1794.22,1766.37,1774.9,-15.91,5951,1765.11,1794.43,1763.17,1790.81,1.94,25.63,7113.52,-3.62,31.26,1
08.04.2022,1765.11,1794.43,1763.17,1790.81,25.63,5863,1788.5,1794.61,1786.44,1788.5,2.06,0,7158.05,-6.11,8.17,0
11.25.2021,1788.5,1794.61,1786.44,1788.5,0,5535,1759.92,1794.77,1759.51,1792.59,0.41,32.66,7106.79,-2.18,35.26,1
10.13.2021,1759.92,1794.77,1759.51,1792.59,32.66,5884,1782.93,1794.82,1779.51,1793.03,3.42,10.22,7150.29,-1.79,15.31,0
11.01.2021,1782.93,1794.82,1779.51,1793.03,10.22,6661,1789.03,1795.49,1780.44,1788.5,8.59,-0.53,7153.46,-6.99,15.05,1
11.24.2021,1789.03,1795.49,1780.44,1788.5,-0.53,6343,1793.36,1795.78,1749.22,1752.75,44.14,-40.61,7091.11,-43.03,46.56,1
09.16.2021,1793.36,1795.78,1749.22,1752.75,-40.61,6559,1793.04,1795.83,1786.46,1787.79,6.58,-5.24,7163.12,-8.04,9.37,0
11.02.2021,1793.04,1795.83,1786.46,1787.79,-5.24,6344,1795.81,1796.08,1766.65,1767.38,29.16,-28.43,7125.92,-28.7,29.43,0
10.15.2021,1795.81,1796.08,1766.65,1767.38,-28.43,6168,1787.42,1797.16,1786.06,1793.27,1.36,5.85,7163.91,-3.89,11.1,0
09.13.2021,1787.42,1797.16,1786.06,1793.27,5.85,5977,1792.01,1797.52,1784.29,1789.31,7.72,-2.71,7163.13,-8.21,13.23,0
08.11.2022,1792.01,1797.52,1784.29,1789.31,-2.71,5981,1790.11,1797.81,1785.5,1796.32,4.61,6.26,7169.74,-1.49,12.31,1
01.07.2022,1790.11,1797.81,1785.5,1796.32,6.26,6124,1769.58,1797.89,1768.56,1791.48,1.02,21.87,7127.51,-6.41,29.33,0
11.04.2021,1769.58,1797.89,1768.56,1791.48,21.87,6426,1795.29,1798.02,1784.34,1787.77,10.95,-5.32,7165.42,-10.25,13.68,1
12.19.2022,1795.29,1798.02,1784.34,1787.77,-5.32,10902,1788.97,1798.38,1783.31,1794.21,5.66,5.18,7164.87,-4.17,15.07,1
08.09.2022,1788.97,1798.38,1783.31,1794.21,5.18,6085,1792.68,1798.54,1784.36,1796.64,8.32,3.95,7172.22,-1.9,14.18,0
10.27.2021,1792.68,1798.54,1784.36,1796.64,3.95,5693,1793.62,1798.77,1782.06,1784.47,11.56,-7.14,7158.92,-14.3,16.71,1
11.29.2021,1793.62,1798.77,1782.06,1784.47,-7.14,5979,1776.98,1799.02,1776.18,1798.98,0.8,21.99,7151.16,-0.04,22.84,1
12.16.2021,1776.98,1799.02,1776.18,1798.98,21.99,6543,1796.71,1799.1,1780.75,1791.24,15.96,-5.33,7167.8,-7.86,18.35,0
01.28.2022,1796.71,1799.1,1780.75,1791.24,-5.33,7573,1790.3,1799.16,1785.37,1788.38,4.93,-1.87,7163.21,-10.78,13.79,1
12.21.2021,1790.3,1799.16,1785.37,1788.38,-1.87,6037,1791.53,1799.39,1785.75,1796.95,5.78,5.71,7173.62,-2.44,13.64,0
01.31.2022,1791.53,1799.39,1785.75,1796.95,5.71,6438,1799.4,1799.4,1778.08,1781.37,21.32,-15.94,7158.25,-18.03,21.32,0
12.12.2022,1799.4,1799.4,1778.08,1781.37,-15.94,10714,1792.58,1800.09,1787.04,1795.81,5.54,3.22,7175.52,-4.28,13.05,1
10.14.2021,1792.58,1800.09,1787.04,1795.81,3.22,6162,1789.06,1800.22,1785.49,1794.05,3.57,5.01,7168.82,-6.17,14.73,0
09.09.2021,1789.06,1800.22,1785.49,1794.05,5.01,6894,1798.62,1800.68,1773.12,1782.81,25.5,-15.79,7155.23,-17.87,27.56,1
10.29.2021,1798.62,1800.68,1773.12,1782.81,-15.79,6568,1793.58,1800.78,1785.18,1789.04,8.4,-4.6,7168.58,-11.74,15.6,1
09.08.2021,1793.58,1800.78,1785.18,1789.04,-4.6,6259,1801.5,1801.58,1773.67,1779.11,27.83,-22.34,7155.86,-22.47,27.91,0
08.15.2022,1801.5,1801.58,1773.67,1779.11,-22.34,5680,1797.13,1801.66,1791.23,1801.55,5.9,5.23,7191.57,-0.11,10.43,0
01.10.2022,1797.13,1801.66,1791.23,1801.55,5.23,5953,1789.26,1801.85,1785.29,1801.45,3.97,12.14,7177.85,-0.4,16.56,0
08.12.2022,1789.26,1801.85,1785.29,1801.45,12.14,5931,1792.33,1802.81,1791.4,1798.54,0.93,6.1,7185.08,-4.27,11.41,1
12.23.2022,1792.33,1802.81,1791.4,1798.54,6.1,11238,1767.89,1803.08,1766.99,1802.77,0.9,34.68,7140.73,-0.31,36.09,1
12.01.2022,1767.89,1803.08,1766.99,1802.77,34.68,6263,1794.05,1803.13,1787.41,1787.42,6.64,-6.63,7172.01,-15.71,15.72,1
09.10.2021,1794.05,1803.13,1787.41,1787.42,-6.63,6363,1798.66,1803.58,1788.61,1790.25,10.05,-7.28,7181.1,-13.33,14.97,1
12.20.2021,1798.66,1803.58,1788.61,1790.25,-7.28,6191,1802.7,1803.67,1780.92,1798.12,21.78,-4.65,7185.41,-5.55,22.75,0
12.02.2022,1802.7,1803.67,1780.92,1798.12,-4.65,8669,1788.43,1804.23,1785.95,1803.14,2.48,14.76,7181.75,-1.09,18.28,0
12.22.2021,1788.43,1804.23,1785.95,1803.14,14.76,6006,1796.63,1804.8,1794.36,1798.6,2.27,1.96,7194.39,-6.2,10.44,0
10.28.2021,1796.63,1804.8,1794.36,1798.6,1.96,5504,1794.23,1805.22,1787.74,1792.02,6.49,-2.19,7179.21,-13.2,17.48,1
08.10.2022,1794.23,1805.22,1787.74,1792.02,-2.19,5954,1804.48,1805.49,1791.01,1793.36,13.47,-11.1,7194.34,-12.13,14.48,1
09.15.2021,1804.48,1805.49,1791.01,1793.36,-11.1,6460,1788.61,1805.51,1788.07,1797.31,0.54,8.58,7179.5,-8.2,17.44,0
12.09.2022,1788.61,1805.51,1788.07,1797.31,8.58,10816,1805.78,1807.16,1790.2,1803.59,15.58,-2.17,7206.73,-3.57,16.96,0
12.29.2021,1805.78,1807.16,1790.2,1803.59,-2.17,6099,1799.17,1807.31,1799.17,1807.31,0,8.77,7212.96,0,8.14,1
12.26.2022,1799.17,1807.31,1799.17,1807.31,8.77,737,1784.49,1807.5,1770.6,1774.22,13.89,-10.25,7136.81,-33.28,36.9,0
11.30.2021,1784.49,1807.5,1770.6,1774.22,-10.25,6041,1796.95,1807.79,1795.73,1800.76,1.22,3.81,7201.23,-7.03,12.06,1
02.01.2022,1796.95,1807.79,1795.73,1800.76,3.81,6580,1793.23,1807.79,1783.23,1804.46,10,11.19,7188.71,-3.33,24.56,0
09.14.2021,1793.23,1807.79,1783.23,1804.46,11.19,6060,1807.41,1808.03,1783.62,1792.69,23.79,-14.7,7191.75,-15.34,24.41,1
10.26.2021,1807.41,1808.03,1783.62,1792.69,-14.7,5832,1807.3,1808.6,1774.92,1776.8,32.38,-30.56,7167.62,-31.8,33.68,1
12.15.2022,1807.3,1808.6,1774.92,1776.8,-30.56,10865,1806.61,1808.66,1789.86,1804.64,16.75,-1.97,7209.77,-4.02,18.8,0
02.03.2022,1806.61,1808.66,1789.86,1804.64,-1.97,6772,1792.21,1808.71,1792.21,1807.39,0,15.19,7200.52,-1.32,16.5,0
10.25.2021,1792.21,1808.71,1792.21,1807.39,15.19,6129,1807.12,1809.22,1785.86,1809.22,21.26,2.1,7211.42,0,23.36,0
07.01.2022,1807.12,1809.22,1785.86,1809.22,2.1,7142,1798.28,1809.26,1765.85,1768.25,32.43,-29.87,7141.64,-41.01,43.41,1
12.05.2022,1798.28,1809.26,1765.85,1768.25,-29.87,8929,1803.17,1810.09,1800.83,1807.81,2.34,4.67,7221.9,-2.28,9.26,1
12.23.2021,1803.17,1810.09,1800.83,1807.81,4.67,5943,1800.8,1810.32,1794.95,1806.61,5.85,5.85,7212.68,-3.71,15.37,0
02.02.2022,1800.8,1810.32,1794.95,1806.61,5.85,6659,1809.83,1810.94,1786.87,1790.06,22.96,-19.76,7197.7,-20.88,24.07,1
01.06.2022,1809.83,1810.94,1786.87,1790.06,-19.76,5454,1807.85,1811.54,1804.69,1807.99,3.16,0.18,7232.07,-3.55,6.85,1
12.24.2021,1807.85,1811.54,1804.69,1807.99,0.18,1734,1804.53,1811.68,1782.25,1789.03,22.28,-15.5,7187.49,-22.65,29.43,0
11.23.2021,1804.53,1811.68,1782.25,1789.03,-15.5,6241,1807.82,1811.73,1764.49,1765.14,43.33,-42.68,7149.18,-46.59,47.24,1
07.05.2022,1807.82,1811.73,1764.49,1765.14,-42.68,7202,1782.83,1812.24,1782.83,1792.2,0,9.38,7170.1,-20.04,29.41,0
10.22.2021,1782.83,1812.24,1782.83,1792.2,9.38,6806,1810.64,1812.71,1799.04,1807.36,11.6,-3.32,7229.75,-5.35,13.67,0
12.14.2022,1810.64,1812.71,1799.04,1807.36,-3.32,10718,1810.72,1812.95,1804.05,1811.48,6.67,3.49,7239.2,-1.47,8.9,1
12.27.2021,1810.72,1812.95,1804.05,1811.48,3.49,5794,1809.32,1813.12,1804.19,1807.82,5.13,-1.4,7234.45,-5.3,8.93,0
07.04.2022,1809.32,1813.12,1804.19,1807.82,-1.4,6635,1799,1813.51,1796.62,1797.53,2.38,-1.45,7206.66,-15.98,16.89,1
12.17.2021,1799,1813.51,1796.62,1797.53,-1.45,6523,1804.61,1813.67,1794.73,1807.67,9.88,3.03,7220.68,-6,18.94,0
02.04.2022,1804.61,1813.67,1794.73,1807.67,3.03,6811,1788.5,1813.79,1784.1,1791.61,4.4,3.11,7178,-22.18,29.69,0
11.26.2021,1788.5,1813.79,1784.1,1791.61,3.11,4553,1813.7,1814.28,1797.64,1804.29,16.06,-9.45,7229.91,-9.99,16.64,1
12.28.2022,1813.7,1814.28,1797.64,1804.29,-9.45,10972,1800.88,1815.48,1799.55,1814.25,1.33,13.4,7230.16,-1.23,15.93,1
01.04.2022,1800.88,1815.48,1799.55,1814.25,13.4,5878,1813.71,1816.71,1805.92,1809.38,7.79,-4.24,7245.72,-7.33,10.79,0
09.02.2021,1813.71,1816.71,1805.92,1809.38,-4.24,6186,1803.56,1816.75,1796.18,1814.44,7.38,10.85,7230.93,-2.31,20.57,1
12.30.2021,1803.56,1816.75,1796.18,1814.44,10.85,6118,1791.47,1817.92,1789.45,1817.66,2.02,26.18,7216.5,-0.26,28.47,0
11.05.2021,1791.47,1817.92,1789.45,1817.66,26.18,6434,1809.78,1818.41,1803.78,1813.79,6,3.93,7245.76,-4.62,14.63,1
08.31.2021,1809.78,1818.41,1803.78,1813.79,3.93,6235,1813.74,1818.96,1809.03,1813.62,4.71,-0.17,7255.35,-5.34,9.93,1
09.01.2021,1813.74,1818.96,1809.03,1813.62,-0.17,6150,1811.47,1819.39,1805.09,1805.76,6.38,-5.72,7241.71,-13.63,14.3,1
12.28.2021,1811.47,1819.39,1805.09,1805.76,-5.72,5969,1817.99,1819.51,1807.6,1817.29,10.39,6.21,7262.39,-2.22,11.91,0
02.27.2023,1817.99,1819.51,1807.6,1817.29,6.21,5564,1804.3,1819.85,1802.99,1814.89,1.31,10.6,7242.03,-4.96,16.86,0
12.29.2022,1804.3,1819.85,1802.99,1814.89,10.6,10841,1787.73,1820.06,1784.91,1817.84,2.82,30.07,7210.54,-2.22,35.15,1
12.20.2022,1787.73,1820.06,1784.91,1817.84,30.07,10871,1814.34,1820.29,1785.38,1792.44,28.96,-21.93,7212.45,-27.85,34.91,1
12.22.2022,1814.34,1820.29,1785.38,1792.44,-21.93,11413,1818.7,1821.67,1792.16,1796.57,26.54,-22.08,7229.1,-25.1,29.51,1
01.27.2022,1818.7,1821.67,1792.16,1796.57,-22.08,7605,1818.31,1822.15,1806.46,1813.46,11.85,-4.85,7260.38,-8.69,15.69,0
01.18.2022,1818.31,1822.15,1806.46,1813.46,-4.85,6300,1817.87,1822.64,1812.18,1814.37,5.69,-3.47,7267.06,-8.27,10.46,0
12.21.2022,1817.87,1822.64,1812.18,1814.37,-3.47,11249,1813.36,1822.77,1809.69,1813.81,3.67,0.44,7259.63,-8.96,13.08,0
03.08.2023,1813.36,1822.77,1809.69,1813.81,0.44,5753,1817.83,1822.77,1813.27,1818.31,4.56,1.12,7272.18,-4.46,9.5,0
01.17.2022,1817.83,1822.77,1813.27,1818.31,1.12,6187,1801.54,1822.84,1800.16,1821.38,1.38,19.83,7245.92,-1.46,22.68,1
01.11.2022,1801.54,1822.84,1800.16,1821.38,19.83,6358,1817.78,1822.96,1803.36,1807.12,14.42,-10.7,7251.22,-15.84,19.6,1
06.30.2022,1817.78,1822.96,1803.36,1807.12,-10.7,7321,1807.53,1823.01,1807.42,1820.35,0.11,12.68,7258.31,-2.66,15.59,1
02.07.2022,1807.53,1823.01,1807.42,1820.35,12.68,6393,1781.32,1823.77,1781.12,1810.68,0.2,29.31,7196.89,-13.09,42.65,0
12.13.2022,1781.32,1823.77,1781.12,1810.68,29.31,10766,1814.7,1824.01,1807.94,1816.52,6.76,1.86,7263.17,-7.49,16.07,1
05.18.2022,1814.7,1824.01,1807.94,1816.52,1.86,7217,1814.9,1824.91,1810.32,1824.09,4.58,9.2,7274.22,-0.82,14.59,1
12.30.2022,1814.9,1824.91,1810.32,1824.09,9.2,11408,1814.64,1825.94,1813.24,1824.11,1.4,6.45,7277.93,-1.83,12.7,1
11.08.2021,1814.64,1825.94,1813.24,1824.11,6.45,5142,1811.19,1826.04,1791.94,1824.29,19.25,13.13,7253.46,-1.75,34.1,1
05.16.2022,1811.19,1826.04,1791.94,1824.29,13.13,6731,1823.18,1826.92,1793.21,1793.64,29.97,-29.54,7236.95,-33.28,33.71,1
09.07.2021,1823.18,1826.92,1793.21,1793.64,-29.54,6008,1824.33,1827.41,1824.33,1826.11,0,2.02,7302.18,-1.3,3.08,1
01.02.2023,1824.33,1827.41,1824.33,1826.11,2.02,765,1822.41,1827.48,1809.35,1811.08,13.06,-11.34,7270.32,-16.4,18.13,0
02.24.2023,1822.41,1827.48,1809.35,1811.08,-11.34,5581,1825.99,1827.58,1813.22,1822.47,12.77,-3.53,7289.26,-5.11,14.36,1
01.13.2022,1825.99,1827.58,1813.22,1822.47,-3.53,6327,1821.39,1827.7,1815.1,1826,6.29,4.62,7290.19,-1.7,12.6,0
01.12.2022,1821.39,1827.7,1815.1,1826,4.62,6495,1821.76,1828.1,1801.59,1811.16,20.17,-10.65,7262.61,-16.94,26.51,0
05.13.2022,1821.76,1828.1,1801.59,1811.16,-10.65,6768,1822.46,1828.42,1814.87,1817.19,7.59,-5.28,7282.94,-11.23,13.55,1
01.14.2022,1822.46,1828.42,1814.87,1817.19,-5.28,6498,1820.31,1828.47,1815.69,1825.83,4.62,5.48,7290.3,-2.64,12.78,0
02.08.2022,1820.31,1828.47,1815.69,1825.83,5.48,6502,1814.26,1828.58,1808.67,1809.82,5.59,-4.43,7261.33,-18.76,19.91,0
01.05.2022,1814.26,1828.58,1808.67,1809.82,-4.43,5500,1822.64,1828.76,1819.02,1820.25,3.62,-2.47,7290.67,-8.51,9.74,1
06.28.2022,1822.64,1828.76,1819.02,1820.25,-2.47,7283,1827.2,1829.57,1821.36,1823.18,5.84,-3.99,7301.31,-6.39,8.21,0
09.06.2021,1827.2,1829.57,1821.36,1823.18,-3.99,5119,1806.85,1829.6,1800.7,1813.74,6.15,6.43,7250.89,-15.86,28.9,0
12.27.2022,1806.85,1829.6,1800.7,1813.74,6.43,10903,1814.43,1829.66,1813.9,1828.43,0.53,13.99,7286.42,-1.23,15.76,0
12.31.2021,1814.43,1829.66,1813.9,1828.43,13.99,6201,1822.6,1830.5,1818.9,1826.89,3.7,4.26,7298.89,-3.61,11.6,1
06.24.2022,1822.6,1830.5,1818.9,1826.89,4.26,7522,1819.08,1830.54,1805.37,1808.45,13.71,-10.65,7263.44,-22.09,25.17,1
06.14.2022,1819.08,1830.54,1805.37,1808.45,-10.65,7244,1817.31,1830.63,1807.12,1826.89,10.19,9.6,7281.95,-3.74,23.51,1
02.28.2023,1817.31,1830.63,1807.12,1826.89,9.6,5410,1829.08,1831.14,1798.87,1800.85,30.21,-27.58,7259.94,-30.29,32.27,0
01.03.2022,1829.08,1831.14,1798.87,1800.85,-27.58,5845,1820.12,1831.69,1814.41,1817.82,5.71,-2.43,7284.04,-13.87,17.28,1
06.29.2022,1820.12,1831.69,1814.41,1817.82,-2.43,7404,1824.11,1832.27,1819.5,1831.6,4.61,7.49,7307.48,-0.67,12.77,0
11.09.2021,1824.11,1832.27,1819.5,1831.6,7.49,6207,1825.3,1833.09,1819.64,1822.42,5.66,-2.89,7300.45,-10.67,13.45,0
02.23.2023,1825.3,1833.09,1819.64,1822.42,-2.89,5589,1809.39,1833.19,1808.84,1827.17,0.55,17.79,7278.59,-6.02,24.35,1
09.03.2021,1809.39,1833.19,1808.84,1827.17,17.79,6176,1813.82,1834.69,1812.56,1830.88,1.26,17.07,7291.95,-3.81,22.13,0
03.09.2023,1813.82,1834.69,1812.56,1830.88,17.07,5711,1825.79,1835.2,1824.97,1832.83,0.82,7,7318.79,-2.37,10.23,1
02.09.2022,1825.79,1835.2,1824.97,1832.83,7,6541,1824.19,1835.38,1813.34,1814.66,10.85,-9.63,7287.57,-20.72,22.04,1
05.17.2022,1824.19,1835.38,1813.34,1814.66,-9.63,7013,1836.82,1838.41,1830.44,1835.94,6.38,-0.9,7341.61,-2.47,7.97,1
03.02.2023,1836.82,1838.41,1830.44,1835.94,-0.9,5669,1826.88,1839.58,1821.4,1822.72,5.48,-4.17,7310.58,-16.86,18.18,0
06.27.2022,1826.88,1839.58,1821.4,1822.72,-4.17,6743,1808.36,1839.81,1807.43,1833.83,0.93,25.38,7289.43,-5.98,32.38,0
06.15.2022,1808.36,1839.81,1807.43,1833.83,25.38,7196,1832.86,1841.32,1825.29,1826.58,7.57,-6.25,7326.05,-14.74,16.03,0
02.10.2022,1832.86,1841.32,1825.29,1826.58,-6.25,6161,1839.11,1842.3,1828.85,1833.89,10.26,-5.28,7344.15,-8.41,13.45,1
01.21.2022,1839.11,1842.3,1828.85,1833.89,-5.28,6630,1837.8,1842.48,1829.01,1833.06,8.79,-4.74,7342.35,-9.42,13.47,0
06.21.2022,1837.8,1842.48,1829.01,1833.06,-4.74,7427,1826.87,1842.78,1823.43,1836.84,3.44,9.95,7329.92,-5.94,19.35,0
03.01.2023,1826.87,1842.78,1823.43,1836.84,9.95,5604,1813.5,1842.84,1810.27,1840.41,3.23,26.95,7307.02,-2.43,32.57,0
01.19.2022,1813.5,1842.84,1810.27,1840.41,26.95,6602,1841.26,1843.13,1830.75,1834.93,10.51,-6.33,7350.07,-8.2,12.38,1
02.21.2023,1841.26,1843.13,1830.75,1834.93,-6.33,5587,1836.7,1843.3,1819.41,1842.33,17.29,5.6,7341.74,-0.97,23.89,1
02.17.2023,1836.7,1843.3,1819.41,1842.33,5.6,5516,1837.66,1843.32,1822.63,1822.63,15.03,-15.12,7326.24,-20.69,20.69,0
06.23.2022,1837.66,1843.32,1822.63,1822.63,-15.12,7374,1834.83,1843.4,1830.15,1842.84,4.68,8.95,7351.22,-0.56,13.25,1
01.24.2022,1834.83,1843.4,1830.15,1842.84,8.95,7102,1834.9,1844.49,1824.37,1825.31,10.53,-9.62,7329.07,-19.18,20.12,0
02.22.2023,1834.9,1844.49,1824.37,1825.31,-9.62,5584,1836.11,1845,1828.75,1836.73,7.36,0.6,7346.59,-8.27,16.25,1
02.16.2023,1836.11,1845,1828.75,1836.73,0.6,5502,1833.06,1845.05,1823.87,1837.75,9.19,4.69,7339.73,-7.3,21.18,0
06.22.2022,1833.06,1845.05,1823.87,1837.75,4.69,7165,1839.64,1845.64,1835.32,1837.8,4.32,-2.2,7358.4,-7.84,10.32,1
06.20.2022,1839.64,1845.64,1835.32,1837.8,-2.2,6851,1840.41,1846.71,1836.44,1839.17,3.97,-1.24,7362.73,-7.54,10.27,1
01.20.2022,1840.41,1846.71,1836.44,1839.17,-1.24,6549,1847.04,1847.04,1837.68,1841.26,9.36,-1.07,7373.02,-5.78,9.36,0
02.20.2023,1847.04,1847.04,1837.68,1841.26,-1.07,5318,1841.75,1848.45,1833.32,1846.07,8.43,4.32,7369.59,-2.38,15.13,0
05.20.2022,1841.75,1848.45,1833.32,1846.07,4.32,7363,1845.96,1848.62,1802.7,1804.53,43.26,-41.03,7301.81,-44.09,45.92,0
11.22.2021,1845.96,1848.62,1802.7,1804.53,-41.03,6193,1816.49,1848.66,1811.64,1841.75,4.85,25.23,7318.54,-6.91,37.02,1
05.19.2022,1816.49,1848.66,1811.64,1841.75,25.23,6920,1837.45,1849.29,1828.82,1846.39,8.63,8.94,7361.95,-2.9,20.47,0
06.01.2022,1837.45,1849.29,1828.82,1846.39,8.94,7422,1826.19,1849.48,1825.64,1839.61,0.55,13.5,7340.92,-9.87,23.84,1
01.03.2023,1826.19,1849.48,1825.64,1839.61,13.5,10411,1847.75,1849.61,1816.23,1818.65,31.52,-29.07,7332.24,-30.96,33.38,1
01.26.2022,1847.75,1849.61,1816.23,1818.65,-29.07,7596,1846.94,1850.85,1813.26,1813.37,33.68,-33.6,7324.42,-37.48,37.59,1
03.07.2023,1846.94,1850.85,1813.26,1813.37,-33.6,5649,1842.82,1852.75,1836.01,1847.72,6.81,4.88,7379.3,-5.03,16.74,0
01.25.2022,1842.82,1852.75,1836.01,1847.72,4.88,7411,1853.22,1854.02,1842.89,1850.7,10.33,-2.5,7400.83,-3.32,11.13,0
05.26.2022,1853.22,1854.02,1842.89,1850.7,-2.5,7352,1841.72,1855,1837.57,1852.09,4.15,10.29,7386.38,-2.91,17.43,1
06.07.2022,1841.72,1855,1837.57,1852.09,10.29,7598,1852.79,1855.13,1840.56,1847.8,12.23,-4.88,7396.28,-7.33,14.57,0
06.09.2022,1852.79,1855.13,1840.56,1847.8,-4.88,7562,1838.22,1855.42,1832.37,1852.28,5.85,14.08,7378.29,-3.14,23.05,1
05.11.2022,1838.22,1855.42,1832.37,1852.28,14.08,6608,1835.92,1855.97,1835.84,1855.35,0.08,19.41,7383.08,-0.62,20.13,0
03.03.2023,1835.92,1855.97,1835.84,1855.35,19.41,5676,1850.74,1856.46,1841.19,1841.8,9.55,-8.97,7390.19,-14.66,15.27,1
06.06.2022,1850.74,1856.46,1841.19,1841.8,-8.97,7343,1855.5,1856.61,1835.7,1837.45,19.8,-18.05,7385.26,-19.16,20.91,1
05.31.2022,1855.5,1856.61,1835.7,1837.45,-18.05,7595,1833.79,1856.81,1817.24,1856.69,16.55,22.86,7364.53,-0.12,39.57,0
06.16.2022,1833.79,1856.81,1817.24,1856.69,22.86,7029,1856.82,1856.85,1834.78,1840,22.04,-16.69,7388.45,-16.85,22.07,0
06.17.2022,1856.82,1856.85,1834.78,1840,-16.69,7191,1852.31,1857.69,1821.81,1821.81,30.5,-30.47,7353.62,-35.88,35.88,1
05.12.2022,1852.31,1857.69,1821.81,1821.81,-30.47,6472,1854.68,1858.61,1827.17,1833.01,27.51,-21.66,7373.47,-25.6,31.44,0
01.05.2023,1854.68,1858.61,1827.17,1833.01,-21.66,5448,1854.4,1859.04,1832.01,1836.13,22.39,-18.29,7381.58,-22.91,27.03,0
02.15.2023,1854.4,1859.04,1832.01,1836.13,-18.29,5481,1852.01,1859.14,1845.93,1852.68,6.08,0.59,7409.76,-6.46,13.21,0
06.08.2022,1852.01,1859.14,1845.93,1852.68,0.59,7666,1859.26,1859.26,1845.56,1846.97,13.7,-8.38,7411.05,-12.29,13.7,0
03.06.2023,1859.26,1859.26,1845.56,1846.97,-8.38,5670,1850.66,1860.59,1848.39,1853.09,2.27,2.39,7412.73,-7.5,12.2,1
05.27.2022,1850.66,1860.59,1848.39,1853.09,2.39,7295,1853.16,1863.2,1848.83,1855.5,4.33,2.41,7420.69,-7.7,14.37,0
05.30.2022,1853.16,1863.2,1848.83,1855.5,2.41,6740,1839.61,1863.71,1836.77,1854.67,2.84,15.06,7394.76,-9.04,26.94,1
01.04.2023,1839.61,1863.71,1836.77,1854.67,15.06,5491,1858.58,1863.81,1845.22,1845.56,13.36,-13.03,7413.17,-18.25,18.59,1
11.19.2021,1858.58,1863.81,1845.22,1845.56,-13.03,6557,1824.83,1864.09,1822.09,1858.95,2.74,32.37,7369.96,-5.14,42,1
02.11.2022,1824.83,1864.09,1822.09,1858.95,32.37,5856,1853.81,1864.17,1846.7,1854.42,7.11,0.59,7419.1,-9.75,17.47,0
02.14.2023,1853.81,1864.17,1846.7,1854.42,0.59,5403,1831.62,1864.28,1822.9,1848.94,8.72,17.34,7367.74,-15.34,41.38,1
11.10.2021,1831.62,1864.28,1822.9,1848.94,17.34,6491,1846.13,1864.56,1845.2,1853.48,0.93,7.41,7409.37,-11.08,19.36,1
05.23.2022,1846.13,1864.56,1845.2,1853.48,7.41,7252,1848.9,1864.91,1842.91,1861.66,5.99,12.72,7418.38,-3.25,22,1
11.11.2021,1848.9,1864.91,1842.91,1861.66,12.72,6220,1853.8,1865.38,1836.59,1838.2,17.21,-15.58,7393.97,-27.18,28.79,1
05.10.2022,1853.8,1865.38,1836.59,1838.2,-15.58,6750,1849.95,1867.21,1849.63,1867.13,0.32,17.21,7433.92,-0.08,17.58,1
11.17.2021,1849.95,1867.21,1849.63,1867.13,17.21,6493,1866.15,1867.56,1844.13,1853.2,22.02,-13,7431.04,-14.36,23.43,0
05.25.2022,1866.15,1867.56,1844.13,1853.2,-13,7377,1861.66,1867.57,1845.37,1864.23,16.29,2.57,7438.83,-3.34,22.2,1
11.12.2021,1861.66,1867.57,1845.37,1864.23,2.57,6511,1864.38,1867.82,1856.62,1862.55,7.76,-1.68,7451.37,-5.27,11.2,0
11.15.2021,1864.38,1867.82,1856.62,1862.55,-1.68,6302,1853.48,1869.06,1849.79,1866.2,3.69,12.72,7438.53,-2.86,19.27,1
05.24.2022,1853.48,1869.06,1849.79,1866.2,12.72,7446,1830.87,1869.25,1828.09,1867.49,2.78,36.61,7395.7,-1.76,41.16,0
03.10.2023,1830.87,1869.25,1828.09,1867.49,36.61,5353,1832.96,1869.42,1831.87,1866.13,1.09,33.12,7400.38,-3.29,37.55,1
01.06.2023,1832.96,1869.42,1831.87,1866.13,33.12,5560,1869.94,1869.94,1851.04,1853.83,18.9,-11.75,7444.75,-16.11,18.9,1
02.13.2023,1869.94,1869.94,1851.04,1853.83,-11.75,5470,1846.38,1870.03,1844.17,1868.25,2.21,21.86,7428.83,-1.78,25.86,1
06.02.2022,1846.38,1870.03,1844.17,1868.25,21.86,7558,1867.15,1870.45,1856.44,1858.59,10.71,-8.54,7452.63,-11.86,14.01,0
11.18.2021,1867.15,1870.45,1856.44,1858.59,-8.54,6631,1861.52,1870.57,1853.11,1865.58,8.41,4.07,7450.78,-4.99,17.46,1
02.10.2023,1861.52,1870.57,1853.11,1865.58,4.07,5439,1853.32,1872.14,1850.76,1869.02,2.56,15.79,7445.24,-3.12,21.38,0
02.16.2022,1853.32,1872.14,1850.76,1869.02,15.79,6450,1859.03,1872.86,1851.52,1871.33,7.51,12.38,7454.74,-1.53,21.34,1
02.14.2022,1859.03,1872.86,1851.52,1871.33,12.38,6268,1868.31,1873.43,1847.64,1850.77,20.67,-17.48,7440.15,-22.66,25.79,1
06.03.2022,1868.31,1873.43,1847.64,1850.77,-17.48,7292,1847.75,1874.98,1828.87,1871.2,18.88,23.4,7422.8,-3.78,46.11,1
06.10.2022,1847.75,1874.98,1828.87,1871.2,23.4,7415,1862.57,1875.09,1849.6,1849.92,12.97,-12.63,7437.18,-25.17,25.49,0
11.16.2021,1862.57,1875.09,1849.6,1849.92,-12.63,6328,1862.74,1876.82,1851.51,1867.95,11.23,5.26,7459.02,-8.87,25.31,1
05.03.2022,1862.74,1876.82,1851.51,1867.95,5.26,7166,1871.12,1877.31,1819.04,1819.1,52.08,-52.1,7386.57,-58.21,58.27,0
06.13.2022,1871.12,1877.31,1819.04,1819.1,-52.1,6935,1871.33,1878.73,1846.44,1853.23,24.89,-18.1,7449.73,-25.5,32.29,1
02.15.2022,1871.33,1878.73,1846.44,1853.23,-18.1,6226,1871.72,1879.79,1868.44,1877.09,3.28,5.37,7497.04,-2.7,11.35,0
01.10.2023,1871.72,1879.79,1868.44,1877.09,5.37,5613,1870.99,1880.39,1864.26,1867.71,6.73,1.99,7483.35,-12.68,16.13,0
02.06.2023,1870.99,1880.39,1864.26,1867.71,1.99,5297,1869.24,1880.39,1867.41,1871.72,1.83,5.59,7488.76,-8.67,12.98,1
01.09.2023,1869.24,1880.39,1867.41,1871.72,5.59,5448,1867.71,1881.29,1866.55,1872.47,1.16,4.76,7488.02,-8.82,14.74,1
02.07.2023,1867.71,1881.29,1866.55,1872.47,4.76,5346,1872.41,1885.72,1870.52,1875.71,1.89,3.24,7504.36,-10.01,15.2,1
02.08.2023,1872.41,1885.72,1870.52,1875.71,3.24,5569,1877.05,1885.83,1868.39,1875.93,8.66,-1.16,7507.2,-9.9,17.44,1
01.11.2023,1877.05,1885.83,1868.39,1875.93,-1.16,5695,1867.8,1887.87,1861.95,1881.39,5.85,13.44,7499.01,-6.48,25.92,1
05.04.2022,1867.8,1887.87,1861.95,1881.39,13.44,7234,1875.72,1888.62,1859.53,1861.51,16.19,-14.2,7485.38,-27.11,29.09,0
02.09.2023,1875.72,1888.62,1859.53,1861.51,-14.2,5498,1877.08,1891.01,1866.84,1882.87,10.24,5.79,7517.8,-8.14,24.17,1
05.06.2022,1877.08,1891.01,1866.84,1882.87,5.79,7072,1889.32,1895.4,1887.49,1889.63,1.83,0.64,7561.84,-5.77,7.91,0
08.18.2023,1889.32,1895.4,1887.49,1889.63,0.64,5891,1882.88,1895.53,1852.15,1853.78,30.73,-29.09,7484.34,-41.75,43.38,1
05.09.2022,1882.88,1895.53,1852.15,1853.78,-29.09,6309,1885.63,1896.12,1873.4,1894.22,12.23,8.63,7549.37,-1.9,22.72,1
04.28.2022,1885.63,1896.12,1873.4,1894.22,8.63,7116,1890.05,1898.75,1884.95,1894.75,5.1,5.12,7568.5,-4,13.8,0
08.21.2023,1890.05,1898.75,1884.95,1894.75,5.12,0,1896.59,1899.24,1856.05,1862.69,40.54,-33.86,7514.57,-36.55,43.19,1
05.02.2022,1896.59,1899.24,1856.05,1862.69,-33.86,7155,1875.9,1899.97,1875.37,1897.13,0.53,21.2,7548.37,-2.84,24.6,1
01.12.2023,1875.9,1899.97,1875.37,1897.13,21.2,5623,1869.13,1900.28,1867.94,1897.95,1.19,28.93,7535.3,-2.33,32.34,0
02.17.2022,1869.13,1900.28,1867.94,1897.95,28.93,6270,1898.04,1902.01,1887.17,1897.05,10.87,-0.9,7584.27,-4.96,14.84,1
02.18.2022,1898.04,1902.01,1887.17,1897.05,-0.9,6465,1892.27,1902.53,1885.45,1888.99,6.82,-3.83,7569.24,-13.54,17.08,1
08.17.2023,1892.27,1902.53,1885.45,1888.99,-3.83,5830,1890.34,1904.05,1890.34,1897.46,0,2.71,7582.19,-6.59,13.71,0
08.22.2023,1890.34,1904.05,1890.34,1897.46,2.71,3340,1905.27,1906.47,1883.01,1885.59,22.26,-19.67,7580.34,-20.88,23.46,0
04.27.2022,1905.27,1906.47,1883.01,1885.59,-19.67,6978,1901.79,1906.98,1892.29,1892.82,9.5,-8.83,7593.88,-14.16,14.69,1
08.16.2023,1901.79,1906.98,1892.29,1892.82,-8.83,5815,1897.68,1907.43,1888.01,1903.66,9.67,6.61,7596.78,-3.77,19.42,0
02.21.2022,1897.68,1907.43,1888.01,1903.66,6.61,5677,1881.35,1907.61,1873.68,1877.08,7.67,-4.31,7539.72,-30.53,33.93,0
05.05.2022,1881.35,1907.61,1873.68,1877.08,-4.31,6891,1897.48,1909.71,1896.15,1905.26,1.33,7.68,7608.6,-4.45,13.56,1
04.26.2022,1897.48,1909.71,1896.15,1905.26,7.68,7161,1898.23,1909.99,1890.63,1908.16,7.6,9.96,7607.01,-1.83,19.36,0
02.23.2022,1898.23,1909.99,1890.63,1908.16,9.96,6797,1907.52,1910.6,1900.98,1901.65,6.54,-5.82,7620.75,-8.95,9.62,1
08.15.2023,1907.52,1910.6,1900.98,1901.65,-5.82,5774,1907.32,1912.41,1894.13,1908.26,13.19,0.95,7622.12,-4.15,18.28,1
06.29.2023,1907.32,1912.41,1894.13,1908.26,0.95,5671,1903.66,1912.98,1892.57,1898.2,11.09,-5.46,7607.41,-14.78,20.41,0
02.22.2022,1903.66,1912.98,1892.57,1898.2,-5.46,6319,1913.68,1913.68,1898.97,1903.93,14.71,-9.77,7630.26,-9.75,14.71,1
03.14.2023,1913.68,1913.68,1898.97,1903.93,-9.77,5339,1868.03,1913.99,1868.03,1913.7,0,46.21,7563.75,-0.29,45.96,0
03.13.2023,1868.03,1913.99,1868.03,1913.7,46.21,4860,1913.8,1915.72,1904.02,1907.47,9.78,-6.27,7641.01,-8.25,11.7,0
08.14.2023,1913.8,1915.72,1904.02,1907.47,-6.27,5716,1913.56,1916.69,1906.02,1907.31,7.54,-6.2,7643.58,-9.38,10.67,1
06.28.2023,1913.56,1916.69,1906.02,1907.31,-6.2,5748,1889.18,1918.07,1889.12,1908.49,0.06,20.15,7604.86,-9.58,28.95,0
02.28.2022,1889.18,1918.07,1889.12,1908.49,20.15,6425,1912.63,1918.21,1862.71,1865.72,49.92,-46.91,7559.27,-52.49,55.5,0
02.03.2023,1912.63,1918.21,1862.71,1865.72,-46.91,5438,1894.1,1918.37,1892.58,1896.55,1.52,2.33,7601.6,-21.82,25.79,1
04.29.2022,1894.1,1918.37,1892.58,1896.55,2.33,7123,1915.63,1918.62,1904.54,1908.61,11.09,-7.02,7647.4,-10.01,14.08,0
01.17.2023,1915.63,1918.62,1904.54,1908.61,-7.02,5600,1903.53,1919.84,1883.34,1888.34,20.19,-15.09,7595.05,-31.5,36.5,1
02.25.2022,1903.53,1919.84,1883.34,1888.34,-15.09,6863,1916.86,1919.91,1904.63,1914.65,12.23,-2.43,7656.05,-5.26,15.28,0
08.25.2023,1916.86,1919.91,1904.63,1914.65,-2.43,5852,1897.56,1920.13,1897.56,1915.35,0,17.89,7630.6,-4.78,22.57,0
08.23.2023,1897.56,1920.13,1897.56,1915.35,17.89,5904,1912.42,1920.37,1911.96,1913.74,0.46,1.23,7658.49,-6.63,8.41,0
08.11.2023,1912.42,1920.37,1911.96,1913.74,1.23,5878,1897.09,1921.42,1892.75,1920.56,4.34,23.43,7631.82,-0.86,28.67,1
01.13.2023,1897.09,1921.42,1892.75,1920.56,23.43,5500,1915.49,1922.33,1913.06,1917.08,2.43,1.73,7667.96,-5.25,9.27,1
08.24.2023,1915.49,1922.33,1913.06,1917.08,1.73,5829,1908.26,1922.47,1901.29,1919.4,6.97,11.14,7651.42,-3.07,21.18,1
06.30.2023,1908.26,1922.47,1901.29,1919.4,11.14,5695,1908.63,1924.11,1896.95,1904.18,11.68,-4.43,7633.87,-19.93,27.16,1
01.18.2023,1908.63,1924.11,1896.95,1904.18,-4.43,5484,1915.13,1927.24,1903.75,1910.91,11.38,-4.23,7657.03,-16.33,23.49,1
07.06.2023,1915.13,1927.24,1903.75,1910.91,-4.23,5776,1923.19,1927.35,1911.31,1915.63,11.88,-4.93,7677.48,-11.72,16.04,0
01.16.2023,1923.19,1927.35,1911.31,1915.63,-4.93,5214,1914.75,1927.43,1912.51,1912.51,2.24,-2.1,7667.2,-14.92,14.92,0
08.10.2023,1914.75,1927.43,1912.51,1912.51,-2.1,5783,1925.88,1927.44,1913.74,1925.28,12.14,-0.29,7692.34,-2.16,13.7,0
07.10.2023,1925.88,1927.44,1913.74,1925.28,-0.29,5668,1922.37,1927.85,1891.85,1919.28,30.52,-2.99,7661.35,-8.57,36,0
03.29.2022,1922.37,1927.85,1891.85,1919.28,-2.99,6968,1917.19,1928.34,1901.79,1925.13,15.4,8.07,7672.45,-3.21,26.55,0
03.16.2022,1917.19,1928.34,1901.79,1925.13,8.07,6161,1923.24,1929.62,1911.65,1913.51,11.59,-9.73,7678.02,-16.11,17.97,0
06.27.2023,1923.24,1929.62,1911.65,1913.51,-9.73,5727,1919.63,1929.92,1910.81,1921.64,8.82,2.24,7682,-8.28,19.11,1
07.03.2023,1919.63,1929.92,1910.81,1921.64,2.24,5722,1921.62,1930.47,1920.56,1925.93,1.06,4.29,7698.58,-4.54,9.91,0
07.04.2023,1921.62,1930.47,1920.56,1925.93,4.29,5482,1923.18,1930.68,1901.84,1928.18,21.34,5.02,7683.88,-2.5,28.84,1
01.31.2023,1923.18,1930.68,1901.84,1928.18,5.02,5547,1923.23,1931.33,1917.2,1925.2,6.03,1.97,7696.96,-6.13,14.13,1
04.06.2022,1923.23,1931.33,1917.2,1925.2,1.97,7245,1918.39,1931.7,1910.15,1919.46,8.24,1.11,7679.7,-12.24,21.55,1
03.16.2023,1918.39,1931.7,1910.15,1919.46,1.11,5171,1925.13,1931.88,1914.58,1914.61,10.55,-10.23,7686.2,-17.27,17.3,1
08.09.2023,1925.13,1931.88,1914.58,1914.61,-10.23,5846,1920.84,1933.01,1920.84,1923.24,0,2.25,7697.93,-9.77,12.17,1
06.26.2023,1920.84,1933.01,1920.84,1923.24,2.25,5665,1931.45,1933.76,1893.4,1897.58,38.05,-33.89,7656.19,-36.18,40.36,0
04.25.2022,1931.45,1933.76,1893.4,1897.58,-33.89,6830,1925.93,1933.77,1915.06,1915.14,10.87,-10.79,7689.9,-18.63,18.71,1
07.05.2023,1925.93,1933.77,1915.06,1915.14,-10.79,5773,1929.33,1933.83,1920.14,1928.3,9.19,-1.02,7711.6,-5.53,13.69,0
01.27.2023,1929.33,1933.83,1920.14,1928.3,-1.02,5619,1928.99,1933.97,1921.27,1923.16,7.72,-5.14,7707.39,-10.81,12.7,0
01.30.2023,1928.99,1933.97,1921.27,1923.16,-5.14,5507,1910.93,1934,1909.9,1925.57,1.03,14.66,7680.4,-8.43,24.1,0
07.07.2023,1910.93,1934,1909.9,1925.57,14.66,5817,1904.17,1934.24,1901.37,1932.11,2.8,27.93,7671.89,-2.13,32.87,0
01.19.2023,1904.17,1934.24,1901.37,1932.11,27.93,5522,1932.55,1934.43,1912.88,1913.59,19.67,-18.96,7693.45,-20.84,21.55,1
06.22.2023,1932.55,1934.43,1912.88,1913.59,-18.96,5687,1929.99,1934.86,1913.52,1931.36,16.47,4.89,7709.73,-3.5,21.34,1
01.23.2023,1929.99,1934.86,1913.52,1931.36,4.89,5540,1913.64,1934.99,1910.54,1920.99,3.1,7.4,7680.16,-14,24.45,0
06.23.2023,1913.64,1934.99,1910.54,1920.99,7.4,5683,1923.88,1935.06,1916.42,1932.56,7.46,8.75,7707.92,-2.5,18.64,1
04.04.2022,1923.88,1935.06,1916.42,1932.56,8.75,7124,1903.91,1935.38,1886.99,1918.35,16.92,14.42,7644.63,-17.03,48.39,1
03.15.2023,1903.91,1935.38,1886.99,1918.35,14.42,5107,1932.14,1935.63,1922.01,1926.47,10.13,-5.64,7716.25,-9.16,13.62,1
01.20.2023,1932.14,1935.63,1922.01,1926.47,-5.64,5671,1925.14,1936.61,1920.74,1931.3,4.4,6.1,7713.79,-5.31,15.87,1
04.07.2022,1925.14,1936.61,1920.74,1931.3,6.1,7451,1919.33,1937.43,1916.31,1932.57,3.02,13.29,7705.64,-4.86,21.12,0
03.30.2022,1919.33,1937.43,1916.31,1932.57,13.29,6705,1935.13,1937.51,1911.83,1920.82,23.3,-14.22,7705.29,-16.69,25.68,1
03.22.2022,1935.13,1937.51,1911.83,1920.82,-14.22,6431,1936.5,1937.69,1924.12,1924.84,12.38,-11.61,7723.15,-12.85,13.57,1
08.08.2023,1936.5,1937.69,1924.12,1924.84,-11.61,5798,1925.32,1938.09,1924.66,1932.31,0.66,7.03,7720.38,-5.78,13.43,0
07.11.2023,1925.32,1938.09,1924.66,1932.31,7.03,5862,1934.76,1938.5,1931.32,1934.28,3.44,-0.41,7738.86,-4.22,7.18,0
08.03.2023,1934.76,1938.5,1931.32,1934.28,-0.41,5709,1936.12,1938.86,1923.48,1932.55,12.64,-3.54,7731.01,-6.31,15.38,1
06.21.2023,1936.12,1938.86,1923.48,1932.55,-3.54,5565,1924.78,1938.9,1918.26,1935.04,6.52,14.75,7716.98,-3.86,20.64,0
03.21.2022,1924.78,1938.9,1918.26,1935.04,14.75,6323,1936.76,1939.12,1918.92,1923.81,17.84,-13.06,7718.61,-15.31,20.2,0
04.01.2022,1936.76,1939.12,1918.92,1923.81,-13.06,6809,1928.17,1940.28,1922.87,1936.11,5.3,8.12,7727.43,-4.17,17.41,1
03.03.2022,1928.17,1940.28,1922.87,1936.11,8.12,6498,1931.33,1941.23,1920.53,1937.35,10.8,5.99,7730.44,-3.88,20.7,0
01.24.2023,1931.33,1941.23,1920.53,1937.35,5.99,5721,1932.56,1943.19,1919.94,1923.23,12.62,-9.33,7718.92,-19.96,23.25,1
04.05.2022,1932.56,1943.19,1919.94,1923.23,-9.33,7305,1942.16,1944.44,1918.3,1920.29,23.86,-21.81,7725.19,-24.15,26.14,1
03.18.2022,1942.16,1944.44,1918.3,1920.29,-21.81,6437,1942.98,1944.47,1932.4,1936.45,10.58,-6.56,7756.3,-8.02,12.07,0
08.07.2023,1942.98,1944.47,1932.4,1936.45,-6.56,5178,1934.19,1945.77,1931.01,1943.01,3.18,8.73,7753.98,-2.76,14.76,0
08.04.2023,1934.19,1945.77,1931.01,1943.01,8.73,5841,1944.75,1946.26,1915.61,1927.99,29.14,-16.73,7734.61,-18.27,30.65,0
03.02.2022,1944.75,1946.26,1915.61,1927.99,-16.73,6180,1937.36,1946.5,1922.33,1946.39,15.03,9.04,7752.58,-0.11,24.17,1
01.25.2023,1937.36,1946.5,1922.33,1946.39,9.04,5154,1920.9,1946.59,1915.64,1944.2,5.26,23.38,7727.33,-2.39,30.95,0
03.23.2022,1920.9,1946.59,1915.64,1944.2,23.38,6292,1908.55,1946.95,1901.88,1944.72,6.67,36.23,7702.1,-2.23,45.07,1
03.01.2022,1908.55,1946.95,1901.88,1944.72,36.23,6160,1931.37,1946.99,1928,1946.44,3.37,15.14,7752.8,-0.55,18.99,1
04.08.2022,1931.37,1946.99,1928,1946.44,15.14,7501,1932.54,1948.51,1919.96,1936.87,12.58,4.3,7737.88,-11.64,28.55,1
03.31.2022,1932.54,1948.51,1919.96,1936.87,4.3,7039,1925.43,1948.68,1923.73,1942.1,1.7,16.97,7739.94,-6.58,24.95,1
03.17.2022,1925.43,1948.68,1923.73,1942.1,16.97,6405,1946.39,1948.77,1923.54,1929.32,22.85,-17.07,7748.02,-19.45,25.23,1
01.26.2023,1946.39,1948.77,1923.54,1929.32,-17.07,5572,1946.69,1949.39,1941.17,1943.24,5.52,-3.56,7780.49,-6.15,8.22,1
05.29.2023,1946.69,1949.39,1941.17,1943.24,-3.56,5331,1928.17,1952.36,1922.22,1950.28,5.95,22.1,7753.03,-2.08,30.14,0
02.01.2023,1928.17,1952.36,1922.22,1950.28,22.1,5395,1944.27,1953.6,1934.26,1934.69,10.01,-9.55,7766.82,-18.91,19.34,0
08.02.2023,1944.27,1953.6,1934.26,1934.69,-9.55,5651,1950.5,1953.8,1908.2,1917.06,42.3,-33.61,7729.56,-36.74,45.6,1
03.15.2022,1950.5,1953.8,1908.2,1917.06,-33.61,6157,1951.34,1954.97,1928.74,1931.47,22.6,-19.87,7766.52,-23.5,26.23,0
04.22.2022,1951.34,1954.97,1928.74,1931.47,-19.87,7209,1950.39,1955.84,1930.61,1936.09,19.78,-14.3,7772.93,-19.75,25.23,0
06.20.2023,1950.39,1955.84,1930.61,1936.09,-14.3,5653,1940.62,1956.41,1938.42,1946.8,2.2,6.17,7782.25,-9.61,17.99,0
05.26.2023,1940.62,1956.41,1938.42,1946.8,6.17,5621,1957.03,1957.37,1918.07,1922.27,38.96,-34.75,7754.74,-35.1,39.3,0
03.28.2022,1957.03,1957.37,1918.07,1922.27,-34.75,6905,1957.52,1957.52,1937.8,1951.34,19.72,-6.16,7804.18,-6.18,19.72,1
04.21.2022,1957.52,1957.52,1937.8,1951.34,-6.16,6952,1949.51,1957.7,1939.77,1957.5,9.74,7.96,7804.48,-0.2,17.93,0
04.20.2022,1949.51,1957.7,1939.77,1957.5,7.96,7141,1943.48,1958.61,1940.38,1940.76,3.1,-2.68,7783.23,-17.85,18.23,0
06.14.2023,1943.48,1958.61,1940.38,1940.76,-2.68,5656,1957.8,1958.65,1948.37,1950.39,9.43,-7.33,7815.21,-8.26,10.28,1
06.19.2023,1957.8,1958.65,1948.37,1950.39,-7.33,5089,1950.3,1958.83,1911.82,1912.63,38.48,-37.65,7733.58,-46.2,47.01,0
02.02.2023,1950.3,1958.83,1911.82,1912.63,-37.65,5405,1932.3,1959.29,1932.29,1957.52,0.01,25.21,7781.4,-1.77,27,0
07.12.2023,1932.3,1959.29,1932.29,1957.52,25.21,5793,1955.57,1959.54,1946.77,1955.01,8.8,-0.39,7816.89,-4.53,12.77,0
07.17.2023,1955.57,1959.54,1946.77,1955.01,-0.39,5659,1940.75,1959.87,1927.82,1957.99,12.93,17.23,7786.43,-1.88,32.05,1
06.15.2023,1940.75,1959.87,1927.82,1957.99,17.23,5488,1943.25,1962.97,1932.85,1959.58,10.4,16.34,7798.65,-3.39,30.12,0
05.30.2023,1943.25,1962.97,1932.85,1959.58,16.34,5594,1957.51,1963.06,1954.75,1960.41,2.76,2.89,7835.73,-2.65,8.31,1
07.13.2023,1957.51,1963.06,1954.75,1960.41,2.89,5756,1960.48,1963.19,1952.98,1955.4,7.5,-5.01,7832.05,-7.79,10.21,1
07.14.2023,1960.48,1963.19,1952.98,1955.4,-5.01,5731,1945.13,1963.34,1945.13,1959.25,0,14.15,7812.85,-4.09,18.21,1
07.28.2023,1945.13,1963.34,1945.13,1959.25,14.15,5644,1957.05,1963.42,1945.13,1957.02,11.92,0.02,7822.62,-6.4,18.29,0
03.25.2022,1957.05,1963.42,1945.13,1957.02,0.02,6235,1948.15,1963.64,1938.9,1961.78,9.25,13.67,7812.47,-1.86,24.74,1
06.05.2023,1948.15,1963.64,1938.9,1961.78,13.67,5536,1957.48,1964.29,1939.51,1940.63,17.97,-16.86,7801.91,-23.66,24.78,1
05.25.2023,1957.48,1964.29,1939.51,1940.63,-16.86,5635,1944.07,1964.91,1937.83,1957,6.24,12.8,7803.81,-7.91,27.08,1
03.24.2022,1944.07,1964.91,1937.83,1957,12.8,6376,1954.75,1965.27,1953.83,1964.88,0.92,10.03,7838.73,-0.39,11.44,0
07.25.2023,1954.75,1965.27,1953.83,1964.88,10.03,5796,1961.76,1965.57,1956.33,1963.25,5.43,1.47,7846.91,-2.32,9.24,1
06.06.2023,1961.76,1965.57,1956.33,1963.25,1.47,5748,1965.56,1965.86,1941.55,1944.24,24.01,-21.35,7817.21,-21.62,24.31,1
08.01.2023,1965.56,1965.86,1941.55,1944.24,-21.35,5801,1957.52,1966.1,1940.31,1943.44,17.21,-14.04,7807.37,-22.66,25.79,1
06.13.2023,1957.52,1966.1,1940.31,1943.44,-14.04,5701,1961,1966.3,1950.21,1957.48,10.79,-3.31,7834.99,-8.82,16.09,0
06.12.2023,1961,1966.3,1950.21,1957.48,-3.31,5662,1946.49,1966.8,1940.62,1954,5.87,7.56,7807.91,-12.8,26.18,0
04.11.2022,1946.49,1966.8,1940.62,1954,7.56,6336,1957.98,1967.26,1954.48,1957.72,3.5,-0.27,7837.44,-9.54,12.78,0
06.16.2023,1957.98,1967.26,1954.48,1957.72,-0.27,5732,1961.94,1967.33,1953.75,1954.85,8.19,-7.16,7837.87,-12.48,13.58,1
07.24.2023,1961.94,1967.33,1953.75,1954.85,-7.16,5652,1965.54,1967.5,1958.81,1960.79,6.73,-4.74,7852.64,-6.71,8.69,0
06.09.2023,1965.54,1967.5,1958.81,1960.79,-4.74,5829,1963.29,1968.62,1940.12,1940.12,23.17,-23.13,7812.15,-28.5,28.5,0
06.07.2023,1963.29,1968.62,1940.12,1940.12,-23.13,5712,1940.1,1969.16,1939.93,1965.53,0.17,25.41,7814.72,-3.63,29.23,0
06.08.2023,1940.1,1969.16,1939.93,1965.53,25.41,5734,1936.08,1969.76,1933.05,1969.76,3.03,33.65,7808.65,0,36.71,0
03.04.2022,1936.08,1969.76,1933.05,1969.76,33.65,6336,1959.39,1972.15,1953.35,1965.59,6.04,6.34,7850.48,-6.56,18.8,1
07.31.2023,1959.39,1972.15,1953.35,1965.59,6.34,5716,1908.21,1972.4,1882.77,1903.43,25.44,-4.73,7666.81,-68.97,89.63,1
02.24.2022,1908.21,1972.4,1882.77,1903.43,-4.73,6582,1959.54,1972.87,1954.15,1962.88,5.39,3.3,7849.44,-9.99,18.72,1
05.31.2023,1959.54,1972.87,1954.15,1962.88,3.3,5571,1969.7,1973.25,1959.02,1962.01,10.68,-7.65,7863.98,-11.24,14.23,0
07.21.2023,1969.7,1973.25,1959.02,1962.01,-7.65,5788,1973.9,1974.34,1959.73,1964.39,14.17,-9.52,7872.36,-9.95,14.61,1
03.29.2023,1973.9,1974.34,1959.73,1964.39,-9.52,5518,1973.09,1974.4,1972.9,1974.4,0.19,1.35,7894.79,0,1.5,0
04.15.2022,1973.09,1974.4,1972.9,1974.4,1.35,1490,1940.45,1974.53,1936.66,1968.89,3.79,28.46,7820.53,-5.64,37.87,0
03.22.2023,1940.45,1974.53,1936.66,1968.89,28.46,5250,1956.45,1974.8,1950.49,1973.91,5.96,17.5,7855.65,-0.89,24.31,1
03.28.2023,1956.45,1974.8,1950.49,1973.91,17.5,5520,1964.85,1976.35,1962.64,1972.21,2.21,7.33,7876.05,-4.14,13.71,1
07.26.2023,1964.85,1976.35,1962.64,1972.21,7.33,5785,1953.84,1976.5,1949.98,1966.23,3.86,12.23,7846.55,-10.27,26.52,1
04.12.2022,1953.84,1976.5,1949.98,1966.23,12.23,7350,1971.77,1976.99,1955.06,1975.12,16.71,3.33,7878.94,-1.87,21.93,1
05.23.2023,1971.77,1976.99,1955.06,1975.12,3.33,5527,1978.6,1978.85,1946.19,1956.41,32.41,-21.96,7860.05,-22.44,32.66,1
03.27.2023,1978.6,1978.85,1946.19,1956.41,-21.96,5214,1977.71,1979.82,1963.49,1973.05,14.22,-4.67,7894.07,-6.77,16.33,1
04.14.2022,1977.71,1979.82,1963.49,1973.05,-4.67,7065,1978.85,1980.37,1971.43,1976.86,7.42,-1.99,7907.51,-3.51,8.94,0
07.19.2023,1978.85,1980.37,1971.43,1976.86,-1.99,5836,1978.53,1980.62,1944.69,1949.54,33.84,-28.91,7853.38,-31.08,35.93,0
04.19.2022,1978.53,1980.62,1944.69,1949.54,-28.91,7304,1966.16,1980.9,1962.91,1977.72,3.25,11.49,7887.69,-3.18,17.99,0
04.13.2022,1966.16,1980.9,1962.91,1977.72,11.49,7124,1972.32,1981.66,1942.85,1945.1,29.47,-27.11,7841.93,-36.56,38.81,0
07.27.2023,1972.32,1981.66,1942.85,1945.1,-27.11,5612,1977.9,1982.04,1970.26,1971.79,7.64,-5.97,7901.99,-10.25,11.78,1
05.22.2023,1977.9,1982.04,1970.26,1971.79,-5.97,5576,1962.86,1982.43,1954.18,1977.64,8.68,14.76,7877.11,-4.79,28.25,0
06.01.2023,1962.86,1982.43,1954.18,1977.64,14.76,5675,1957.54,1982.54,1955.14,1977.76,2.4,20.23,7872.98,-4.78,27.4,0
05.19.2023,1957.54,1982.54,1955.14,1977.76,20.23,5637,1964.38,1983.01,1957.13,1980.38,7.25,15.99,7884.9,-2.63,25.88,1
03.30.2023,1964.38,1983.01,1957.13,1980.38,15.99,5570,1977.62,1983.19,1948.07,1948.11,29.55,-29.53,7856.99,-35.08,35.12,1
06.02.2023,1977.62,1983.19,1948.07,1948.11,-29.53,5692,1975.15,1983.28,1957.41,1957.49,17.74,-17.63,7873.33,-25.79,25.87,1
05.24.2023,1975.15,1983.28,1957.41,1957.49,-17.63,5577,1954.99,1983.43,1954.75,1978.85,0.24,23.84,7872.02,-4.58,28.68,0
07.18.2023,1954.99,1983.43,1954.75,1978.85,23.84,5671,1980.38,1984.37,1967.69,1969.5,12.69,-10.88,7901.94,-14.87,16.68,0
03.31.2023,1980.38,1984.37,1967.69,1969.5,-10.88,5563,1978.82,1984.37,1936.18,1940.43,42.64,-38.39,7839.8,-43.94,48.19,1
03.21.2023,1978.82,1984.37,1936.18,1940.43,-38.39,5220,1981.91,1985.48,1952.75,1957.53,29.16,-24.37,7877.67,-27.95,32.73,0
05.18.2023,1981.91,1985.48,1952.75,1957.53,-24.37,5749,1919.44,1986.86,1919.06,1986.86,0.38,67.4,7812.22,0,67.8,0
03.17.2023,1919.44,1986.86,1919.06,1986.86,67.4,5293,1976.95,1987.26,1966.1,1969.66,10.85,-7.2,7899.97,-17.6,21.16,0
07.20.2023,1976.95,1987.26,1966.1,1969.66,-7.2,5747,1987.53,1987.57,1950.67,1950.67,36.86,-35.51,7876.44,-36.9,36.9,1
03.14.2022,1987.53,1987.57,1950.67,1950.67,-35.51,5984,1969.5,1990.28,1950.9,1984.32,18.6,14.82,7895,-5.96,39.38,0
04.03.2023,1969.5,1990.28,1950.9,1984.32,14.82,5189,1982.99,1990.43,1976.4,1989.12,6.59,6.19,7938.94,-1.31,14.03,0
04.24.2023,1982.99,1990.43,1976.4,1989.12,6.19,5481,1988.93,1992.77,1977,1981.9,11.93,-7.05,7940.6,-10.87,15.77,1
05.17.2023,1988.93,1992.77,1977,1981.9,-7.05,5759,1987.88,1993.26,1980.62,1989.64,7.26,1.78,7951.4,-3.62,12.64,1
04.28.2023,1987.88,1993.26,1980.62,1989.64,1.78,5546,1974.32,1996.96,1972.65,1978.45,1.67,4.05,7922.38,-18.51,24.31,0
04.18.2022,1974.32,1996.96,1972.65,1978.45,4.05,7180,1995.9,1997.88,1961,1986.18,34.9,-9.63,7940.96,-11.7,36.88,1
03.11.2022,1995.9,1997.88,1961,1986.18,-9.63,6189,1993.48,2000.53,1975.72,1978.37,17.76,-15.05,7948.1,-22.16,24.81,1
03.24.2023,1993.48,2000.53,1975.72,1978.37,-15.05,5196,1971.92,2001.15,1963.54,1997.13,8.38,27.37,7933.74,-4.02,37.61,0
03.07.2022,1971.92,2001.15,1963.54,1997.13,27.37,6350,1969.02,2001.99,1966.06,1993.42,2.96,24.53,7930.49,-8.57,35.93,0
03.23.2023,1969.02,2001.99,1966.06,1993.42,24.53,5072,1989.11,2002.46,1977.34,1996.94,11.77,7.82,7965.85,-5.52,25.12,1
04.25.2023,1989.11,2002.46,1977.34,1996.94,7.82,5352,1989.3,2002.62,1977.55,1987.86,11.75,-1.43,7957.33,-14.76,25.07,1
04.27.2023,1989.3,2002.62,1977.55,1987.86,-1.43,5483,1989.91,2004.77,1977.59,1982.36,12.32,-7.28,7954.63,-22.41,27.18,1
05.01.2023,1989.91,2004.77,1977.59,1982.36,-7.28,5502,2004.68,2005.28,1974.3,1982.93,30.38,-21.77,7967.19,-22.35,30.98,0
04.21.2023,2004.68,2005.28,1974.3,1982.93,-21.77,5384,1997.01,2006.15,1984.32,1989.29,12.69,-7.65,7976.77,-16.86,21.83,0
04.26.2023,1997.01,2006.15,1984.32,1989.29,-7.65,5468,1991.22,2006.4,1989.41,2003.55,1.81,12.29,7990.58,-2.85,16.99,0
04.11.2023,1991.22,2006.4,1989.41,2003.55,12.29,5554,1991.54,2007.06,1970.94,1995.81,20.6,4.38,7965.35,-11.25,36.12,0
03.10.2022,1991.54,2007.06,1970.94,1995.81,4.38,6122,2005.1,2007.22,1970.14,1994.76,34.96,-10.31,7977.22,-12.46,37.08,1
04.19.2023,2005.1,2007.22,1970.14,1994.76,-10.31,5398,1987.34,2007.32,1969.02,1978.82,18.32,-8.04,7942.5,-28.5,38.3,1
03.20.2023,1987.34,2007.32,1969.02,1978.82,-8.04,4835,2007.66,2007.79,2007.66,2007.79,0,0.13,8030.9,0,0.13,0
04.07.2023,2007.66,2007.79,2007.66,2007.79,0.13,978,2007.51,2008.45,1985.44,1991.26,22.07,-16.53,7992.66,-17.19,23.01,0
04.10.2023,2007.51,2008.45,1985.44,1991.26,-16.53,5391,1994.75,2010.13,1991.13,2004.7,3.62,9.94,8000.71,-5.43,19,1
04.20.2023,1994.75,2010.13,1991.13,2004.7,9.94,5456,1995.16,2010.59,1993.74,2005.07,1.42,9.9,8004.56,-5.52,16.85,0
04.18.2023,1995.16,2010.59,1993.74,2005.07,9.9,5598,2004.42,2014.33,1985.09,1995.17,19.33,-9.31,7999.01,-19.16,29.24,1
04.17.2023,2004.42,2014.33,1985.09,1995.17,-9.31,5205,1982.36,2017.96,1979.77,2016.57,2.59,34.21,7996.66,-1.39,38.19,1
05.02.2023,1982.36,2017.96,1979.77,2016.57,34.21,5536,2016.33,2018.13,1986.28,1988.95,30.05,-27.36,8009.69,-29.18,31.85,0
05.16.2023,2016.33,2018.13,1986.28,1988.95,-27.36,5473,2015.1,2020.54,2002.15,2011.01,12.95,-4.06,8048.8,-9.53,18.39,1
05.12.2023,2015.1,2020.54,2002.15,2011.01,-4.06,5432,2012.2,2020.9,2009.12,2016.31,3.08,5.3,8058.53,-4.59,11.78,0
05.15.2023,2012.2,2020.9,2009.12,2016.31,5.3,5500,2020.53,2021.24,2003.47,2007.66,17.06,-12.84,8052.9,-13.58,17.77,0
04.06.2023,2020.53,2021.24,2003.47,2007.66,-12.84,5422,1984.35,2024.15,1978.18,2020.45,6.17,36.13,8007.13,-3.7,45.97,1
04.04.2023,1984.35,2024.15,1978.18,2020.45,36.13,5453,2003.57,2024.4,2003.34,2014.91,0.23,11.36,8046.22,-9.49,21.06,0
04.12.2023,2003.57,2024.4,2003.34,2014.91,11.36,5298,2019.23,2028.79,2014.81,2021.5,4.42,4.87,8084.33,-7.29,13.98,1
05.08.2023,2019.23,2028.79,2014.81,2021.5,4.87,5405,2020.44,2031.57,2016.9,2020.5,3.54,0.05,8089.41,-11.07,14.67,1
04.05.2023,2020.44,2031.57,2016.9,2020.5,0.05,5324,2021.53,2037,2020,2034.52,1.53,13.02,8113.05,-2.48,17,1
05.09.2023,2021.53,2037,2020,2034.52,13.02,5574,2016.6,2038.46,2011.47,2038.46,5.13,21.89,8104.99,0,26.99,1
05.03.2023,2016.6,2038.46,2011.47,2038.46,21.89,5298,2030.13,2038.66,2013.93,2015.07,16.2,-15.08,8097.79,-23.59,24.73,1
05.11.2023,2030.13,2038.66,2013.93,2015.07,-15.08,5387,2014.9,2046.03,2014.29,2040.48,0.61,25.57,8115.7,-5.55,31.74,1
04.13.2023,2014.9,2046.03,2014.29,2040.48,25.57,5407,2034.54,2046.46,2023.09,2030.15,11.45,-4.37,8134.24,-16.31,23.37,0
05.10.2023,2034.54,2046.46,2023.09,2030.15,-4.37,5502,2040.41,2047.07,1993.62,2004.48,46.79,-36,8085.58,-42.59,53.45,1
04.14.2023,2040.41,2047.07,1993.62,2004.48,-36,5255,2050.15,2052.28,2001.46,2016.63,48.69,-33.61,8120.52,-35.65,50.82,0
05.05.2023,2050.15,2052.28,2001.46,2016.63,-33.61,5355,2049.77,2056.82,1980.45,1991.43,69.32,-58.41,8078.47,-65.39,76.37,0
03.09.2022,2049.77,2056.82,1980.45,1991.43,-58.41,5880,2038.52,2059.31,2032.12,2050.24,6.4,11.78,8180.19,-9.07,27.19,0
05.04.2023,2038.52,2059.31,2032.12,2050.24,11.78,4875,1997.25,2065.89,1983.45,2049.84,13.8,52.71,8096.43,-16.05,82.44,0

